{"policy_loss": 0.25862646102905273, "reward": -2.71875, "learning_rate": 0.0006460176991150443, "_timestamp": 1742972088.7280593, "_runtime": 470.771176324, "_step": 59}