{"learning_rate": 0.0009941002949852508, "_timestamp": 1742972412.629148, "_runtime": 107.839854117, "_step": 1, "policy_loss": -1.341104507446289e-06, "reward": -2.375, "test_reward": 0}