{"learning_rate": 0.0009233038348082596, "_timestamp": 1742970573.3649673, "_runtime": 106.622601892, "_step": 12, "policy_loss": 0.0005870648892596364, "reward": -3}