{"policy_loss": 0.008986677043139935, "value_loss": 0.02339482307434082, "reward": 0, "learning_rate": 0, "_timestamp": 1742968422.212554, "_runtime": 2681.37556525, "_step": 189, "test_reward": 0.002678571468485253, "generation_examples": {"nrows": 80, "_type": "table-file", "sha256": "6a412a3482e2f924efc28e2074193c426f3db2aa3031fe9a3855e16f33a1571f", "size": 170319, "artifact_path": "wandb-client-artifact://g5v9a3ie1vipk6g1t3tuq7jc4evkbtvyo5ln2fkadvd4u1wz2jd0qkdmkm4tf6s7dwko1tsn1ivw591pkshs5kfzmigtubcs9ugxl2z5ukqbfy2h5jll8fgqrco9eari/generation_examples.table.json", "_latest_artifact_path": "wandb-client-artifact://zsuski02hfme03bl65m5gkw6eangr19y8x40s5o437tu4wjwjwf5itx7kilzl4f82kb3gqxj81jobjsz9qhwxlg7s8bpzzazahefzqu90qnqxyrbcnii6jtb0tngvlso:latest/generation_examples.table.json", "path": "media/table/generation_examples_189_6a412a3482e2f924efc2.table.json", "ncols": 3}, "avg_policy_loss": 0.0111887210075286, "avg_value_loss": 0.020826659312373715, "avg_reward": 0.01754385991054669, "epoch": 3}