{"_timestamp": 1742971537.4397593, "_runtime": 902.413018821, "_step": 113, "policy_loss": 0.11584794521331787, "reward": -2.25, "learning_rate": 0.0003333333333333333, "epoch": 1, "avg_policy_loss": 0.20806514700994191, "avg_reward": -40.60619469026549}