{"reward": 0.02500000037252903, "learning_rate": 6.666666666666667e-06, "_timestamp": 1742977350.0721066, "_runtime": 1193.625673366, "_step": 69, "policy_loss": 0.21692906320095062, "value_loss": 0.05245833843946457, "test_reward": 0.0035714286246470044, "generation_examples": {"sha256": "08682b813d8e7c255b794dd255702c8cdb84b2970d96c3f3c1dfcd2db3e05fc8", "size": 185560, "artifact_path": "wandb-client-artifact://81fjj4rolneep8ikxghonucpr7zevshjxfkbpthps36t1led47z1dy2u15wwwlxsydjkuxb7tyyicoel1ps5ahtvyg62gishtl99xim5cqhzzmz1nbrkg2kqgqrehpof/generation_examples.table.json", "_latest_artifact_path": "wandb-client-artifact://ow1hr4vsb5g0qevbp5en5eld4yiziyoc198fvhsxrzkt2n1y97mju7cu3gglmsuufa57vq8tst22kxsgg1yms1aj6nyl5qlt30jnofltic7aagaaedspvj52g20dyck1:latest/generation_examples.table.json", "path": "media/table/generation_examples_69_08682b813d8e7c255b79.table.json", "ncols": 3, "nrows": 80, "_type": "table-file"}, "avg_policy_loss": 0.2203923089985262, "avg_value_loss": 0.05442661092730991, "avg_reward": 1.408771984017732, "epoch": 1}