{"policy_loss": 0.006417185068130493, "reward": -2.625, "learning_rate": 7.007407407407408e-06, "_timestamp": 1742978558.032963, "_runtime": 974.640196795, "_step": 101, "test_reward": 0}