{"_runtime": 13.09675769, "_step": 0, "policy_loss": 0, "reward": -3, "learning_rate": 0.0009823008849557523, "_timestamp": 1742970416.3929667}