{"_timestamp": 1742979750.1798224, "_runtime": 1122.662999091, "_step": 120, "policy_loss": 0.003319293260574341, "reward": -2.84375, "learning_rate": 6.444444444444445e-06, "test_reward": 0}